{
    "accuracy": 0.9988973121984838,
    "precision": 0.9993564993564994,
    "recall": 0.9989279588336192,
    "auc": 0.9999841117789312
}